{
    "6": {
        "med_hs": 17.0,
        "sigma_hs": 5.022459606857239,
        "med_ps": 4.0,
        "sigma_ps": 2.162813866030888,
        "med_md": 1.5,
        "sigma_md": 1.0,
        "best_schedule": [
            [
                [
                    6,
                    1
                ],
                [
                    5,
                    2
                ],
                [
                    3,
                    4
                ]
            ],
            [
                [
                    1,
                    5
                ],
                [
                    4,
                    6
                ],
                [
                    2,
                    3
                ]
            ],
            [
                [
                    4,
                    1
                ],
                [
                    5,
                    3
                ],
                [
                    6,
                    2
                ]
            ],
            [
                [
                    3,
                    1
                ],
                [
                    2,
                    4
                ],
                [
                    5,
                    6
                ]
            ],
            [
                [
                    1,
                    2
                ],
                [
                    6,
                    3
                ],
                [
                    4,
                    5
                ]
            ]
        ],
        "best_norm_score": -2.0964225326050885
    }
}